id,name,province_id:id,zip,phone_prefix,istat_code,cadaster_code,web_site
l10n_it_base.si_1,Adlešiči,l10n_it_base.si_SI,8341,386,251,245,
l10n_it_base.si_2,Ajdovščina,l10n_it_base.si_SI,5270,386,251,245,
l10n_it_base.si_3,Ankaran/Ancarano,l10n_it_base.si_SI,6280,386,251,245,
l10n_it_base.si_4,Apače,l10n_it_base.si_SI,9253,386,251,245,
l10n_it_base.si_5,Artiče,l10n_it_base.si_SI,8253,386,251,245,
l10n_it_base.si_6,Begunje na Gorenjskem,l10n_it_base.si_SI,4275,386,251,245,
l10n_it_base.si_7,Begunje pri Cerknici,l10n_it_base.si_SI,1382,386,251,245,
l10n_it_base.si_8,Beltinci,l10n_it_base.si_SI,9231,386,251,245,
l10n_it_base.si_9,Benedikt,l10n_it_base.si_SI,2234,386,251,245,
l10n_it_base.si_10,Bistrica ob Dravi,l10n_it_base.si_SI,2345,386,251,245,
l10n_it_base.si_11,Bistrica ob Sotli,l10n_it_base.si_SI,3256,386,251,245,
l10n_it_base.si_12,Bizeljsko,l10n_it_base.si_SI,8259,386,251,245,
l10n_it_base.si_13,Blagovica,l10n_it_base.si_SI,1223,386,251,245,
l10n_it_base.si_14,Blanca,l10n_it_base.si_SI,8283,386,251,245,
l10n_it_base.si_15,Bled,l10n_it_base.si_SI,4260,386,251,245,
l10n_it_base.si_16,Blejska Dobrava,l10n_it_base.si_SI,4273,386,251,245,
l10n_it_base.si_17,Bodonci,l10n_it_base.si_SI,9265,386,251,245,
l10n_it_base.si_18,Bogojina,l10n_it_base.si_SI,9222,386,251,245,
l10n_it_base.si_19,Bohinjska Bela,l10n_it_base.si_SI,4263,386,251,245,
l10n_it_base.si_20,Bohinjska Bistrica,l10n_it_base.si_SI,4264,386,251,245,
l10n_it_base.si_21,Bohinjsko jezero,l10n_it_base.si_SI,4265,386,251,245,
l10n_it_base.si_22,Borovnica,l10n_it_base.si_SI,1353,386,251,245,
l10n_it_base.si_23,Boštanj,l10n_it_base.si_SI,8294,386,251,245,
l10n_it_base.si_24,Bovec,l10n_it_base.si_SI,5230,386,251,245,
l10n_it_base.si_25,Branik,l10n_it_base.si_SI,5295,386,251,245,
l10n_it_base.si_26,Braslovče,l10n_it_base.si_SI,3314,386,251,245,
l10n_it_base.si_27,Breginj,l10n_it_base.si_SI,5223,386,251,245,
l10n_it_base.si_28,Brestanica,l10n_it_base.si_SI,8280,386,251,245,
l10n_it_base.si_29,Bresternica,l10n_it_base.si_SI,2354,386,251,245,
l10n_it_base.si_30,Brezje,l10n_it_base.si_SI,4243,386,251,245,
l10n_it_base.si_31,Brezovica pri Ljubljani,l10n_it_base.si_SI,1351,386,251,245,
l10n_it_base.si_32,Brežice,l10n_it_base.si_SI,8250,386,251,245,
l10n_it_base.si_33,Brnik - Aerodrom,l10n_it_base.si_SI,4210,386,251,245,
l10n_it_base.si_34,Brusnice,l10n_it_base.si_SI,8321,386,251,245,
l10n_it_base.si_35,Buče,l10n_it_base.si_SI,3255,386,251,245,
l10n_it_base.si_36,Bučka,l10n_it_base.si_SI,8276,386,251,245,
l10n_it_base.si_37,Cankova,l10n_it_base.si_SI,9261,386,251,245,
l10n_it_base.si_38,Celje,l10n_it_base.si_SI,3000,386,251,245,
l10n_it_base.si_39,Celje - poštni predali,l10n_it_base.si_SI,3001,386,251,245,
l10n_it_base.si_40,Cerklje na Gorenjskem,l10n_it_base.si_SI,4207,386,251,245,
l10n_it_base.si_41,Cerklje ob Krki,l10n_it_base.si_SI,8263,386,251,245,
l10n_it_base.si_42,Cerknica,l10n_it_base.si_SI,1380,386,251,245,
l10n_it_base.si_43,Cerkno,l10n_it_base.si_SI,5282,386,251,245,
l10n_it_base.si_44,Cerkvenjak,l10n_it_base.si_SI,2236,386,251,245,
l10n_it_base.si_45,Ceršak,l10n_it_base.si_SI,2215,386,251,245,
l10n_it_base.si_46,Cirkovce,l10n_it_base.si_SI,2326,386,251,245,
l10n_it_base.si_47,Cirkulane,l10n_it_base.si_SI,2282,386,251,245,
l10n_it_base.si_48,Col,l10n_it_base.si_SI,5273,386,251,245,
l10n_it_base.si_49,Čatež ob Savi,l10n_it_base.si_SI,8251,386,251,245,
l10n_it_base.si_50,Čemšenik,l10n_it_base.si_SI,1413,386,251,245,
l10n_it_base.si_51,Čepovan,l10n_it_base.si_SI,5253,386,251,245,
l10n_it_base.si_52,Črenšovci,l10n_it_base.si_SI,9232,386,251,245,
l10n_it_base.si_53,Črna na Koroškem,l10n_it_base.si_SI,2393,386,251,245,
l10n_it_base.si_54,Črni Kal,l10n_it_base.si_SI,6275,386,251,245,
l10n_it_base.si_55,Črni Vrh nad Idrijo,l10n_it_base.si_SI,5274,386,251,245,
l10n_it_base.si_56,Črniče,l10n_it_base.si_SI,5262,386,251,245,
l10n_it_base.si_57,Črnomelj,l10n_it_base.si_SI,8340,386,251,245,
l10n_it_base.si_58,Dekani,l10n_it_base.si_SI,6271,386,251,245,
l10n_it_base.si_59,Deskle,l10n_it_base.si_SI,5210,386,251,245,
l10n_it_base.si_60,Destrnik,l10n_it_base.si_SI,2253,386,251,245,
l10n_it_base.si_61,Divača,l10n_it_base.si_SI,6215,386,251,245,
l10n_it_base.si_62,Dob,l10n_it_base.si_SI,1233,386,251,245,
l10n_it_base.si_63,Dobje pri Planini,l10n_it_base.si_SI,3224,386,251,245,
l10n_it_base.si_64,Dobova,l10n_it_base.si_SI,8257,386,251,245,
l10n_it_base.si_65,Dobovec,l10n_it_base.si_SI,1423,386,251,245,
l10n_it_base.si_66,Dobravlje,l10n_it_base.si_SI,5263,386,251,245,
l10n_it_base.si_67,Dobrna,l10n_it_base.si_SI,3204,386,251,245,
l10n_it_base.si_68,Dobrnič,l10n_it_base.si_SI,8211,386,251,245,
l10n_it_base.si_69,Dobrova,l10n_it_base.si_SI,1356,386,251,245,
l10n_it_base.si_70,Dobrovnik/Dobronak,l10n_it_base.si_SI,9223,386,251,245,
l10n_it_base.si_71,Dobrovo v Brdih,l10n_it_base.si_SI,5212,386,251,245,
l10n_it_base.si_72,Dol pri Hrastniku,l10n_it_base.si_SI,1431,386,251,245,
l10n_it_base.si_73,Dol pri Ljubljani,l10n_it_base.si_SI,1262,386,251,245,
l10n_it_base.si_74,Dole pri Litiji,l10n_it_base.si_SI,1273,386,251,245,
l10n_it_base.si_75,Dolenja vas,l10n_it_base.si_SI,1331,386,251,245,
l10n_it_base.si_76,Dolenjske Toplice,l10n_it_base.si_SI,8350,386,251,245,
l10n_it_base.si_77,Domžale,l10n_it_base.si_SI,1230,386,251,245,
l10n_it_base.si_78,Dornava,l10n_it_base.si_SI,2252,386,251,245,
l10n_it_base.si_79,Dornberk,l10n_it_base.si_SI,5294,386,251,245,
l10n_it_base.si_80,Draga,l10n_it_base.si_SI,1319,386,251,245,
l10n_it_base.si_81,Dragatuš,l10n_it_base.si_SI,8343,386,251,245,
l10n_it_base.si_82,Dramlje,l10n_it_base.si_SI,3222,386,251,245,
l10n_it_base.si_83,Dravograd,l10n_it_base.si_SI,2370,386,251,245,
l10n_it_base.si_84,Duplje,l10n_it_base.si_SI,4203,386,251,245,
l10n_it_base.si_85,Dutovlje,l10n_it_base.si_SI,6221,386,251,245,
l10n_it_base.si_86,Dvor,l10n_it_base.si_SI,8361,386,251,245,
l10n_it_base.si_87,Fala,l10n_it_base.si_SI,2343,386,251,245,
l10n_it_base.si_88,Fokovci,l10n_it_base.si_SI,9208,386,251,245,
l10n_it_base.si_89,Fram,l10n_it_base.si_SI,2313,386,251,245,
l10n_it_base.si_90,Frankolovo,l10n_it_base.si_SI,3213,386,251,245,
l10n_it_base.si_91,Gabrovka,l10n_it_base.si_SI,1274,386,251,245,
l10n_it_base.si_92,Globoko,l10n_it_base.si_SI,8254,386,251,245,
l10n_it_base.si_93,Godovič,l10n_it_base.si_SI,5275,386,251,245,
l10n_it_base.si_94,Golnik,l10n_it_base.si_SI,4204,386,251,245,
l10n_it_base.si_95,Gomilsko,l10n_it_base.si_SI,3303,386,251,245,
l10n_it_base.si_96,Gorenja vas,l10n_it_base.si_SI,4224,386,251,245,
l10n_it_base.si_97,Gorica pri Slivnici,l10n_it_base.si_SI,3263,386,251,245,
l10n_it_base.si_98,Gorišnica,l10n_it_base.si_SI,2272,386,251,245,
l10n_it_base.si_99,Gornja Radgona,l10n_it_base.si_SI,9250,386,251,245,
l10n_it_base.si_100,Gornji Grad,l10n_it_base.si_SI,3342,386,251,245,
l10n_it_base.si_101,Gozd Martuljek,l10n_it_base.si_SI,4282,386,251,245,
l10n_it_base.si_102,Gračišče,l10n_it_base.si_SI,6272,386,251,245,
l10n_it_base.si_103,Grad,l10n_it_base.si_SI,9264,386,251,245,
l10n_it_base.si_104,Gradac,l10n_it_base.si_SI,8332,386,251,245,
l10n_it_base.si_105,Grahovo,l10n_it_base.si_SI,1384,386,251,245,
l10n_it_base.si_106,Grahovo ob Bači,l10n_it_base.si_SI,5242,386,251,245,
l10n_it_base.si_107,Grgar,l10n_it_base.si_SI,5251,386,251,245,
l10n_it_base.si_108,Griže,l10n_it_base.si_SI,3302,386,251,245,
l10n_it_base.si_109,Grobelno,l10n_it_base.si_SI,3231,386,251,245,
l10n_it_base.si_110,Grosuplje,l10n_it_base.si_SI,1290,386,251,245,
l10n_it_base.si_111,Hajdina,l10n_it_base.si_SI,2288,386,251,245,
l10n_it_base.si_112,Hinje,l10n_it_base.si_SI,8362,386,251,245,
l10n_it_base.si_113,Hoče,l10n_it_base.si_SI,2311,386,251,245,
l10n_it_base.si_114,Hodoš/Hodos,l10n_it_base.si_SI,9205,386,251,245,
l10n_it_base.si_115,Horjul,l10n_it_base.si_SI,1354,386,251,245,
l10n_it_base.si_116,Hotedršica,l10n_it_base.si_SI,1372,386,251,245,
l10n_it_base.si_117,Hrastnik,l10n_it_base.si_SI,1430,386,251,245,
l10n_it_base.si_118,Hruševje,l10n_it_base.si_SI,6225,386,251,245,
l10n_it_base.si_119,Hrušica,l10n_it_base.si_SI,4276,386,251,245,
l10n_it_base.si_120,Idrija,l10n_it_base.si_SI,5280,386,251,245,
l10n_it_base.si_121,Ig,l10n_it_base.si_SI,1292,386,251,245,
l10n_it_base.si_122,Ilirska Bistrica,l10n_it_base.si_SI,6250,386,251,245,
l10n_it_base.si_123,Ilirska Bistrica-Trnovo,l10n_it_base.si_SI,6251,386,251,245,
l10n_it_base.si_124,Ivančna Gorica,l10n_it_base.si_SI,1295,386,251,245,
l10n_it_base.si_125,Ivanjkovci,l10n_it_base.si_SI,2259,386,251,245,
l10n_it_base.si_126,Izlake,l10n_it_base.si_SI,1411,386,251,245,
l10n_it_base.si_127,Izola/Isola,l10n_it_base.si_SI,6310,386,251,245,
l10n_it_base.si_128,Jakobski Dol,l10n_it_base.si_SI,2222,386,251,245,
l10n_it_base.si_129,Jarenina,l10n_it_base.si_SI,2221,386,251,245,
l10n_it_base.si_130,Jelšane,l10n_it_base.si_SI,6254,386,251,245,
l10n_it_base.si_131,Jesenice,l10n_it_base.si_SI,4270,386,251,245,
l10n_it_base.si_132,Jesenice na Dolenjskem,l10n_it_base.si_SI,8261,386,251,245,
l10n_it_base.si_133,Jurklošter,l10n_it_base.si_SI,3273,386,251,245,
l10n_it_base.si_134,Jurovski Dol,l10n_it_base.si_SI,2223,386,251,245,
l10n_it_base.si_135,Juršinci,l10n_it_base.si_SI,2256,386,251,245,
l10n_it_base.si_136,Kal nad Kanalom,l10n_it_base.si_SI,5214,386,251,245,
l10n_it_base.si_137,Kalobje,l10n_it_base.si_SI,3233,386,251,245,
l10n_it_base.si_138,Kamna Gorica,l10n_it_base.si_SI,4246,386,251,245,
l10n_it_base.si_139,Kamnica,l10n_it_base.si_SI,2351,386,251,245,
l10n_it_base.si_140,Kamnik,l10n_it_base.si_SI,1241,386,251,245,
l10n_it_base.si_141,Kanal,l10n_it_base.si_SI,5213,386,251,245,
l10n_it_base.si_142,Kapele,l10n_it_base.si_SI,8258,386,251,245,
l10n_it_base.si_143,Kapla,l10n_it_base.si_SI,2362,386,251,245,
l10n_it_base.si_144,Kidričevo,l10n_it_base.si_SI,2325,386,251,245,
l10n_it_base.si_145,Kisovec,l10n_it_base.si_SI,1412,386,251,245,
l10n_it_base.si_146,Knežak,l10n_it_base.si_SI,6253,386,251,245,
l10n_it_base.si_147,Kobarid,l10n_it_base.si_SI,5222,386,251,245,
l10n_it_base.si_148,Kobilje,l10n_it_base.si_SI,9227,386,251,245,
l10n_it_base.si_149,Kočevje,l10n_it_base.si_SI,1330,386,251,245,
l10n_it_base.si_150,Kočevska Reka,l10n_it_base.si_SI,1338,386,251,245,
l10n_it_base.si_151,Kog,l10n_it_base.si_SI,2276,386,251,245,
l10n_it_base.si_152,Kojsko,l10n_it_base.si_SI,5211,386,251,245,
l10n_it_base.si_153,Komen,l10n_it_base.si_SI,6223,386,251,245,
l10n_it_base.si_154,Komenda,l10n_it_base.si_SI,1218,386,251,245,
l10n_it_base.si_155,Koper/Capodistria,l10n_it_base.si_SI,6000,386,251,245,
l10n_it_base.si_156,Koper/Capodistria - poštni predali,l10n_it_base.si_SI,6001,386,251,245,
l10n_it_base.si_157,Koprivnica,l10n_it_base.si_SI,8282,386,251,245,
l10n_it_base.si_158,Kostanjevica na Krasu,l10n_it_base.si_SI,5296,386,251,245,
l10n_it_base.si_159,Kostanjevica na Krki,l10n_it_base.si_SI,8311,386,251,245,
l10n_it_base.si_160,Kostel,l10n_it_base.si_SI,1336,386,251,245,
l10n_it_base.si_161,Košana,l10n_it_base.si_SI,6256,386,251,245,
l10n_it_base.si_162,Kotlje,l10n_it_base.si_SI,2394,386,251,245,
l10n_it_base.si_163,Kozina,l10n_it_base.si_SI,6240,386,251,245,
l10n_it_base.si_164,Kozje,l10n_it_base.si_SI,3260,386,251,245,
l10n_it_base.si_165,Kranj,l10n_it_base.si_SI,4000,386,251,245,
l10n_it_base.si_166,Kranj - poštni predali,l10n_it_base.si_SI,4001,386,251,245,
l10n_it_base.si_167,Kranjska Gora,l10n_it_base.si_SI,4280,386,251,245,
l10n_it_base.si_168,Kresnice,l10n_it_base.si_SI,1281,386,251,245,
l10n_it_base.si_169,Križe,l10n_it_base.si_SI,4294,386,251,245,
l10n_it_base.si_170,Križevci,l10n_it_base.si_SI,9206,386,251,245,
l10n_it_base.si_171,Križevci pri Ljutomeru,l10n_it_base.si_SI,9242,386,251,245,
l10n_it_base.si_172,Krka,l10n_it_base.si_SI,1301,386,251,245,
l10n_it_base.si_173,Krmelj,l10n_it_base.si_SI,8296,386,251,245,
l10n_it_base.si_174,Kropa,l10n_it_base.si_SI,4245,386,251,245,
l10n_it_base.si_175,Krška vas,l10n_it_base.si_SI,8262,386,251,245,
l10n_it_base.si_176,Krško,l10n_it_base.si_SI,8270,386,251,245,
l10n_it_base.si_177,Kuzma,l10n_it_base.si_SI,9263,386,251,245,
l10n_it_base.si_178,Laporje,l10n_it_base.si_SI,2318,386,251,245,
l10n_it_base.si_179,Laško,l10n_it_base.si_SI,3270,386,251,245,
l10n_it_base.si_180,Laze v Tuhinju,l10n_it_base.si_SI,1219,386,251,245,
l10n_it_base.si_181,Lenart v Slovenskih goricah,l10n_it_base.si_SI,2230,386,251,245,
l10n_it_base.si_182,Lendava/Lendva,l10n_it_base.si_SI,9220,386,251,245,
l10n_it_base.si_183,Lesce,l10n_it_base.si_SI,4248,386,251,245,
l10n_it_base.si_184,Lesično,l10n_it_base.si_SI,3261,386,251,245,
l10n_it_base.si_185,Leskovec pri Krškem,l10n_it_base.si_SI,8273,386,251,245,
l10n_it_base.si_186,Libeliče,l10n_it_base.si_SI,2372,386,251,245,
l10n_it_base.si_187,Limbuš,l10n_it_base.si_SI,2341,386,251,245,
l10n_it_base.si_188,Litija,l10n_it_base.si_SI,1270,386,251,245,
l10n_it_base.si_189,Ljubečna,l10n_it_base.si_SI,3202,386,251,245,
l10n_it_base.si_190,Ljubljana,l10n_it_base.si_SI,1000,386,251,245,
l10n_it_base.si_191,Ljubljana - poštni predali,l10n_it_base.si_SI,1001,386,251,245,
l10n_it_base.si_192,Ljubljana - Črnuče,l10n_it_base.si_SI,1231,386,251,245,
l10n_it_base.si_193,Ljubljana - Dobrunje,l10n_it_base.si_SI,1261,386,251,245,
l10n_it_base.si_194,Ljubljana - Polje,l10n_it_base.si_SI,1260,386,251,245,
l10n_it_base.si_195,Ljubljana - Šentvid,l10n_it_base.si_SI,1210,386,251,245,
l10n_it_base.si_196,Ljubljana - Šmartno,l10n_it_base.si_SI,1211,386,251,245,
l10n_it_base.si_197,Ljubno ob Savinji,l10n_it_base.si_SI,3333,386,251,245,
l10n_it_base.si_198,Ljutomer,l10n_it_base.si_SI,9240,386,251,245,
l10n_it_base.si_199,Loče,l10n_it_base.si_SI,3215,386,251,245,
l10n_it_base.si_200,Log pod Mangartom,l10n_it_base.si_SI,5231,386,251,245,
l10n_it_base.si_201,Log pri Brezovici,l10n_it_base.si_SI,1358,386,251,245,
l10n_it_base.si_202,Logatec,l10n_it_base.si_SI,1370,386,251,245,
l10n_it_base.si_203,Logatec,l10n_it_base.si_SI,1371,386,251,245,
l10n_it_base.si_204,Loka pri Zidanem Mostu,l10n_it_base.si_SI,1434,386,251,245,
l10n_it_base.si_205,Loka pri Žusmu,l10n_it_base.si_SI,3223,386,251,245,
l10n_it_base.si_206,Lokev,l10n_it_base.si_SI,6219,386,251,245,
l10n_it_base.si_207,Loški Potok,l10n_it_base.si_SI,1318,386,251,245,
l10n_it_base.si_208,Lovrenc na Dravskem polju,l10n_it_base.si_SI,2324,386,251,245,
l10n_it_base.si_209,Lovrenc na Pohorju,l10n_it_base.si_SI,2344,386,251,245,
l10n_it_base.si_210,Luče,l10n_it_base.si_SI,3334,386,251,245,
l10n_it_base.si_211,Lukovica,l10n_it_base.si_SI,1225,386,251,245,
l10n_it_base.si_212,Mačkovci,l10n_it_base.si_SI,9202,386,251,245,
l10n_it_base.si_213,Majšperk,l10n_it_base.si_SI,2322,386,251,245,
l10n_it_base.si_214,Makole,l10n_it_base.si_SI,2321,386,251,245,
l10n_it_base.si_215,Mala Nedelja,l10n_it_base.si_SI,9243,386,251,245,
l10n_it_base.si_216,Malečnik,l10n_it_base.si_SI,2229,386,251,245,
l10n_it_base.si_217,Marezige,l10n_it_base.si_SI,6273,386,251,245,
l10n_it_base.si_218,Maribor,l10n_it_base.si_SI,2000,386,251,245,
l10n_it_base.si_219,Maribor - poštni predali,l10n_it_base.si_SI,2001,386,251,245,
l10n_it_base.si_220,Marjeta na Dravskem polju,l10n_it_base.si_SI,2206,386,251,245,
l10n_it_base.si_221,Markovci,l10n_it_base.si_SI,2281,386,251,245,
l10n_it_base.si_222,Martjanci,l10n_it_base.si_SI,9221,386,251,245,
l10n_it_base.si_223,Materija,l10n_it_base.si_SI,6242,386,251,245,
l10n_it_base.si_224,Mavčiče,l10n_it_base.si_SI,4211,386,251,245,
l10n_it_base.si_225,Medvode,l10n_it_base.si_SI,1215,386,251,245,
l10n_it_base.si_226,Mengeš,l10n_it_base.si_SI,1234,386,251,245,
l10n_it_base.si_227,Metlika,l10n_it_base.si_SI,8330,386,251,245,
l10n_it_base.si_228,Mežica,l10n_it_base.si_SI,2392,386,251,245,
l10n_it_base.si_229,Miklavž na Dravskem polju,l10n_it_base.si_SI,2204,386,251,245,
l10n_it_base.si_230,Miklavž pri Ormožu,l10n_it_base.si_SI,2275,386,251,245,
l10n_it_base.si_231,Miren,l10n_it_base.si_SI,5291,386,251,245,
l10n_it_base.si_232,Mirna,l10n_it_base.si_SI,8233,386,251,245,
l10n_it_base.si_233,Mirna Peč,l10n_it_base.si_SI,8216,386,251,245,
l10n_it_base.si_234,Mislinja,l10n_it_base.si_SI,2382,386,251,245,
l10n_it_base.si_235,Mojstrana,l10n_it_base.si_SI,4281,386,251,245,
l10n_it_base.si_236,Mokronog,l10n_it_base.si_SI,8230,386,251,245,
l10n_it_base.si_237,Moravče,l10n_it_base.si_SI,1251,386,251,245,
l10n_it_base.si_238,Moravske Toplice,l10n_it_base.si_SI,9226,386,251,245,
l10n_it_base.si_239,Most na Soči,l10n_it_base.si_SI,5216,386,251,245,
l10n_it_base.si_240,Motnik,l10n_it_base.si_SI,1221,386,251,245,
l10n_it_base.si_241,Mozirje,l10n_it_base.si_SI,3330,386,251,245,
l10n_it_base.si_242,Murska Sobota,l10n_it_base.si_SI,9000,386,251,245,
l10n_it_base.si_243,Murska Sobota - poštni predali,l10n_it_base.si_SI,9001,386,251,245,
l10n_it_base.si_244,Muta,l10n_it_base.si_SI,2366,386,251,245,
l10n_it_base.si_245,Naklo,l10n_it_base.si_SI,4202,386,251,245,
l10n_it_base.si_246,Nazarje,l10n_it_base.si_SI,3331,386,251,245,
l10n_it_base.si_247,Notranje Gorice,l10n_it_base.si_SI,1357,386,251,245,
l10n_it_base.si_248,Nova Cerkev,l10n_it_base.si_SI,3203,386,251,245,
l10n_it_base.si_249,Nova Gorica,l10n_it_base.si_SI,5000,386,251,245,
l10n_it_base.si_250,Nova Gorica - poštni predali,l10n_it_base.si_SI,5001,386,251,245,
l10n_it_base.si_251,Nova vas,l10n_it_base.si_SI,1385,386,251,245,
l10n_it_base.si_252,Novo mesto,l10n_it_base.si_SI,8000,386,251,245,
l10n_it_base.si_253,Novo mesto - poštni predali,l10n_it_base.si_SI,8001,386,251,245,
l10n_it_base.si_254,Obrov,l10n_it_base.si_SI,6243,386,251,245,
l10n_it_base.si_255,Odranci,l10n_it_base.si_SI,9233,386,251,245,
l10n_it_base.si_256,Oplotnica,l10n_it_base.si_SI,2317,386,251,245,
l10n_it_base.si_257,Orehova vas,l10n_it_base.si_SI,2312,386,251,245,
l10n_it_base.si_258,Ormož,l10n_it_base.si_SI,2270,386,251,245,
l10n_it_base.si_259,Ortnek,l10n_it_base.si_SI,1316,386,251,245,
l10n_it_base.si_260,Osilnica,l10n_it_base.si_SI,1337,386,251,245,
l10n_it_base.si_261,Otočec,l10n_it_base.si_SI,8222,386,251,245,
l10n_it_base.si_262,Ožbalt,l10n_it_base.si_SI,2361,386,251,245,
l10n_it_base.si_263,Pernica,l10n_it_base.si_SI,2231,386,251,245,
l10n_it_base.si_264,Pesnica pri Mariboru,l10n_it_base.si_SI,2211,386,251,245,
l10n_it_base.si_265,Petrovci,l10n_it_base.si_SI,9203,386,251,245,
l10n_it_base.si_266,Petrovče,l10n_it_base.si_SI,3301,386,251,245,
l10n_it_base.si_267,Piran/Pirano,l10n_it_base.si_SI,6330,386,251,245,
l10n_it_base.si_268,Pišece,l10n_it_base.si_SI,8255,386,251,245,
l10n_it_base.si_269,Pivka,l10n_it_base.si_SI,6257,386,251,245,
l10n_it_base.si_270,Planina,l10n_it_base.si_SI,6232,386,251,245,
l10n_it_base.si_271,Planina pri Sevnici,l10n_it_base.si_SI,3225,386,251,245,
l10n_it_base.si_272,Pobegi,l10n_it_base.si_SI,6276,386,251,245,
l10n_it_base.si_273,Podbočje,l10n_it_base.si_SI,8312,386,251,245,
l10n_it_base.si_274,Podbrdo,l10n_it_base.si_SI,5243,386,251,245,
l10n_it_base.si_275,Podčetrtek,l10n_it_base.si_SI,3254,386,251,245,
l10n_it_base.si_276,Podgorci,l10n_it_base.si_SI,2273,386,251,245,
l10n_it_base.si_277,Podgorje,l10n_it_base.si_SI,6216,386,251,245,
l10n_it_base.si_278,Podgorje pri Slovenj Gradcu,l10n_it_base.si_SI,2381,386,251,245,
l10n_it_base.si_279,Podgrad,l10n_it_base.si_SI,6244,386,251,245,
l10n_it_base.si_280,Podkum,l10n_it_base.si_SI,1414,386,251,245,
l10n_it_base.si_281,Podlehnik,l10n_it_base.si_SI,2286,386,251,245,
l10n_it_base.si_282,Podnanos,l10n_it_base.si_SI,5272,386,251,245,
l10n_it_base.si_283,Podnart,l10n_it_base.si_SI,4244,386,251,245,
l10n_it_base.si_284,Podplat,l10n_it_base.si_SI,3241,386,251,245,
l10n_it_base.si_285,Podsreda,l10n_it_base.si_SI,3257,386,251,245,
l10n_it_base.si_286,Podvelka,l10n_it_base.si_SI,2363,386,251,245,
l10n_it_base.si_287,Pohorje,l10n_it_base.si_SI,2208,386,251,245,
l10n_it_base.si_288,Polenšak,l10n_it_base.si_SI,2257,386,251,245,
l10n_it_base.si_289,Polhov Gradec,l10n_it_base.si_SI,1355,386,251,245,
l10n_it_base.si_290,Poljane nad Škofjo Loko,l10n_it_base.si_SI,4223,386,251,245,
l10n_it_base.si_291,Poljčane,l10n_it_base.si_SI,2319,386,251,245,
l10n_it_base.si_292,Polšnik,l10n_it_base.si_SI,1272,386,251,245,
l10n_it_base.si_293,Polzela,l10n_it_base.si_SI,3313,386,251,245,
l10n_it_base.si_294,Ponikva,l10n_it_base.si_SI,3232,386,251,245,
l10n_it_base.si_295,Portorož/Portorose,l10n_it_base.si_SI,6320,386,251,245,
l10n_it_base.si_296,Postojna,l10n_it_base.si_SI,6230,386,251,245,
l10n_it_base.si_297,Pragersko,l10n_it_base.si_SI,2331,386,251,245,
l10n_it_base.si_298,Prebold,l10n_it_base.si_SI,3312,386,251,245,
l10n_it_base.si_299,Preddvor,l10n_it_base.si_SI,4205,386,251,245,
l10n_it_base.si_300,Prem,l10n_it_base.si_SI,6255,386,251,245,
l10n_it_base.si_301,Preserje,l10n_it_base.si_SI,1352,386,251,245,
l10n_it_base.si_302,Prestranek,l10n_it_base.si_SI,6258,386,251,245,
l10n_it_base.si_303,Prevalje,l10n_it_base.si_SI,2391,386,251,245,
l10n_it_base.si_304,Prevorje,l10n_it_base.si_SI,3262,386,251,245,
l10n_it_base.si_305,Primskovo,l10n_it_base.si_SI,1276,386,251,245,
l10n_it_base.si_306,Pristava pri Mestinju,l10n_it_base.si_SI,3253,386,251,245,
l10n_it_base.si_307,Prosenjakovci/Partosfalva,l10n_it_base.si_SI,9207,386,251,245,
l10n_it_base.si_308,Prvačina,l10n_it_base.si_SI,5297,386,251,245,
l10n_it_base.si_309,Ptuj,l10n_it_base.si_SI,2250,386,251,245,
l10n_it_base.si_310,Ptujska Gora,l10n_it_base.si_SI,2323,386,251,245,
l10n_it_base.si_311,Puconci,l10n_it_base.si_SI,9201,386,251,245,
l10n_it_base.si_312,Rače,l10n_it_base.si_SI,2327,386,251,245,
l10n_it_base.si_313,Radeče,l10n_it_base.si_SI,1433,386,251,245,
l10n_it_base.si_314,Radenci,l10n_it_base.si_SI,9252,386,251,245,
l10n_it_base.si_315,Radlje ob Dravi,l10n_it_base.si_SI,2360,386,251,245,
l10n_it_base.si_316,Radomlje,l10n_it_base.si_SI,1235,386,251,245,
l10n_it_base.si_317,Radovljica,l10n_it_base.si_SI,4240,386,251,245,
l10n_it_base.si_318,Raka,l10n_it_base.si_SI,8274,386,251,245,
l10n_it_base.si_319,Rakek,l10n_it_base.si_SI,1381,386,251,245,
l10n_it_base.si_320,Rateče - Planica,l10n_it_base.si_SI,4283,386,251,245,
l10n_it_base.si_321,Ravne na Koroškem,l10n_it_base.si_SI,2390,386,251,245,
l10n_it_base.si_322,Razkrižje,l10n_it_base.si_SI,9246,386,251,245,
l10n_it_base.si_323,Rečica ob Savinji,l10n_it_base.si_SI,3332,386,251,245,
l10n_it_base.si_324,Renče,l10n_it_base.si_SI,5292,386,251,245,
l10n_it_base.si_325,Ribnica,l10n_it_base.si_SI,1310,386,251,245,
l10n_it_base.si_326,Ribnica na Pohorju,l10n_it_base.si_SI,2364,386,251,245,
l10n_it_base.si_327,Rimske Toplice,l10n_it_base.si_SI,3272,386,251,245,
l10n_it_base.si_328,Rob,l10n_it_base.si_SI,1314,386,251,245,
l10n_it_base.si_329,Ročinj,l10n_it_base.si_SI,5215,386,251,245,
l10n_it_base.si_330,Rogaška Slatina,l10n_it_base.si_SI,3250,386,251,245,
l10n_it_base.si_331,Rogašovci,l10n_it_base.si_SI,9262,386,251,245,
l10n_it_base.si_332,Rogatec,l10n_it_base.si_SI,3252,386,251,245,
l10n_it_base.si_333,Rovte,l10n_it_base.si_SI,1373,386,251,245,
l10n_it_base.si_334,Ruše,l10n_it_base.si_SI,2342,386,251,245,
l10n_it_base.si_335,Sava,l10n_it_base.si_SI,1282,386,251,245,
l10n_it_base.si_336,Sečovlje/Sicciole,l10n_it_base.si_SI,6333,386,251,245,
l10n_it_base.si_337,Selca,l10n_it_base.si_SI,4227,386,251,245,
l10n_it_base.si_338,Selnica ob Dravi,l10n_it_base.si_SI,2352,386,251,245,
l10n_it_base.si_339,Semič,l10n_it_base.si_SI,8333,386,251,245,
l10n_it_base.si_340,Senovo,l10n_it_base.si_SI,8281,386,251,245,
l10n_it_base.si_341,Senožeče,l10n_it_base.si_SI,6224,386,251,245,
l10n_it_base.si_342,Sevnica,l10n_it_base.si_SI,8290,386,251,245,
l10n_it_base.si_343,Sežana,l10n_it_base.si_SI,6210,386,251,245,
l10n_it_base.si_344,Sladki Vrh,l10n_it_base.si_SI,2214,386,251,245,
l10n_it_base.si_345,Slap ob Idrijci,l10n_it_base.si_SI,5283,386,251,245,
l10n_it_base.si_346,Slovenj Gradec,l10n_it_base.si_SI,2380,386,251,245,
l10n_it_base.si_347,Slovenska Bistrica,l10n_it_base.si_SI,2310,386,251,245,
l10n_it_base.si_348,Slovenske Konjice,l10n_it_base.si_SI,3210,386,251,245,
l10n_it_base.si_349,Smlednik,l10n_it_base.si_SI,1216,386,251,245,
l10n_it_base.si_350,Soča,l10n_it_base.si_SI,5232,386,251,245,
l10n_it_base.si_351,Sodražica,l10n_it_base.si_SI,1317,386,251,245,
l10n_it_base.si_352,Solčava,l10n_it_base.si_SI,3335,386,251,245,
l10n_it_base.si_353,Solkan,l10n_it_base.si_SI,5250,386,251,245,
l10n_it_base.si_354,Sorica,l10n_it_base.si_SI,4229,386,251,245,
l10n_it_base.si_355,Sovodenj,l10n_it_base.si_SI,4225,386,251,245,
l10n_it_base.si_356,Spodnja Idrija,l10n_it_base.si_SI,5281,386,251,245,
l10n_it_base.si_357,Spodnji Duplek,l10n_it_base.si_SI,2241,386,251,245,
l10n_it_base.si_358,Spodnji Ivanjci,l10n_it_base.si_SI,9245,386,251,245,
l10n_it_base.si_359,Središče ob Dravi,l10n_it_base.si_SI,2277,386,251,245,
l10n_it_base.si_360,Srednja vas v Bohinju,l10n_it_base.si_SI,4267,386,251,245,
l10n_it_base.si_361,Sromlje,l10n_it_base.si_SI,8256,386,251,245,
l10n_it_base.si_362,Srpenica,l10n_it_base.si_SI,5224,386,251,245,
l10n_it_base.si_363,Stahovica,l10n_it_base.si_SI,1242,386,251,245,
l10n_it_base.si_364,Stara Cerkev,l10n_it_base.si_SI,1332,386,251,245,
l10n_it_base.si_365,Stari trg ob Kolpi,l10n_it_base.si_SI,8342,386,251,245,
l10n_it_base.si_366,Stari trg pri Ložu,l10n_it_base.si_SI,1386,386,251,245,
l10n_it_base.si_367,Starše,l10n_it_base.si_SI,2205,386,251,245,
l10n_it_base.si_368,Stoperce,l10n_it_base.si_SI,2289,386,251,245,
l10n_it_base.si_369,Stopiče,l10n_it_base.si_SI,8322,386,251,245,
l10n_it_base.si_370,Stranice,l10n_it_base.si_SI,3206,386,251,245,
l10n_it_base.si_371,Straža,l10n_it_base.si_SI,8351,386,251,245,
l10n_it_base.si_372,Struge,l10n_it_base.si_SI,1313,386,251,245,
l10n_it_base.si_373,Studenec,l10n_it_base.si_SI,8293,386,251,245,
l10n_it_base.si_374,Suhor,l10n_it_base.si_SI,8331,386,251,245,
l10n_it_base.si_375,Sv. Ana v Slovenskih goricah,l10n_it_base.si_SI,2233,386,251,245,
l10n_it_base.si_376,Sv. Trojica v Slovenskih goricah,l10n_it_base.si_SI,2235,386,251,245,
l10n_it_base.si_377,Sveti Duh na Ostrem Vrhu,l10n_it_base.si_SI,2353,386,251,245,
l10n_it_base.si_378,Sveti Jurij ob Ščavnici,l10n_it_base.si_SI,9244,386,251,245,
l10n_it_base.si_379,Sveti Štefan,l10n_it_base.si_SI,3264,386,251,245,
l10n_it_base.si_380,Sveti Tomaž,l10n_it_base.si_SI,2258,386,251,245,
l10n_it_base.si_381,Šalovci,l10n_it_base.si_SI,9204,386,251,245,
l10n_it_base.si_382,Šempas,l10n_it_base.si_SI,5261,386,251,245,
l10n_it_base.si_383,Šempeter pri Gorici,l10n_it_base.si_SI,5290,386,251,245,
l10n_it_base.si_384,Šempeter v Savinjski dolini,l10n_it_base.si_SI,3311,386,251,245,
l10n_it_base.si_385,Šenčur,l10n_it_base.si_SI,4208,386,251,245,
l10n_it_base.si_386,Šentilj v Slovenskih goricah,l10n_it_base.si_SI,2212,386,251,245,
l10n_it_base.si_387,Šentjanž,l10n_it_base.si_SI,8297,386,251,245,
l10n_it_base.si_388,Šentjanž pri Dravogradu,l10n_it_base.si_SI,2373,386,251,245,
l10n_it_base.si_389,Šentjernej,l10n_it_base.si_SI,8310,386,251,245,
l10n_it_base.si_390,Šentjur,l10n_it_base.si_SI,3230,386,251,245,
l10n_it_base.si_391,Šentrupert,l10n_it_base.si_SI,3271,386,251,245,
l10n_it_base.si_392,Šentrupert,l10n_it_base.si_SI,8232,386,251,245,
l10n_it_base.si_393,Šentvid pri Stični,l10n_it_base.si_SI,1296,386,251,245,
l10n_it_base.si_394,Škocjan,l10n_it_base.si_SI,8275,386,251,245,
l10n_it_base.si_395,Škofije,l10n_it_base.si_SI,6281,386,251,245,
l10n_it_base.si_396,Škofja Loka,l10n_it_base.si_SI,4220,386,251,245,
l10n_it_base.si_397,Škofja vas,l10n_it_base.si_SI,3211,386,251,245,
l10n_it_base.si_398,Škofljica,l10n_it_base.si_SI,1291,386,251,245,
l10n_it_base.si_399,Šmarje,l10n_it_base.si_SI,6274,386,251,245,
l10n_it_base.si_400,Šmarje - Sap,l10n_it_base.si_SI,1293,386,251,245,
l10n_it_base.si_401,Šmarje pri Jelšah,l10n_it_base.si_SI,3240,386,251,245,
l10n_it_base.si_402,Šmarješke Toplice,l10n_it_base.si_SI,8220,386,251,245,
l10n_it_base.si_403,Šmartno na Pohorju,l10n_it_base.si_SI,2315,386,251,245,
l10n_it_base.si_404,Šmartno ob Dreti,l10n_it_base.si_SI,3341,386,251,245,
l10n_it_base.si_405,Šmartno ob Paki,l10n_it_base.si_SI,3327,386,251,245,
l10n_it_base.si_406,Šmartno pri Litiji,l10n_it_base.si_SI,1275,386,251,245,
l10n_it_base.si_407,Šmartno pri Slovenj Gradcu,l10n_it_base.si_SI,2383,386,251,245,
l10n_it_base.si_408,Šmartno v Rožni dolini,l10n_it_base.si_SI,3201,386,251,245,
l10n_it_base.si_409,Šoštanj,l10n_it_base.si_SI,3325,386,251,245,
l10n_it_base.si_410,Štanjel,l10n_it_base.si_SI,6222,386,251,245,
l10n_it_base.si_411,Štore,l10n_it_base.si_SI,3220,386,251,245,
l10n_it_base.si_412,Tabor,l10n_it_base.si_SI,3304,386,251,245,
l10n_it_base.si_413,Teharje,l10n_it_base.si_SI,3221,386,251,245,
l10n_it_base.si_414,Tišina,l10n_it_base.si_SI,9251,386,251,245,
l10n_it_base.si_415,Tolmin,l10n_it_base.si_SI,5220,386,251,245,
l10n_it_base.si_416,Topolšica,l10n_it_base.si_SI,3326,386,251,245,
l10n_it_base.si_417,Trbonje,l10n_it_base.si_SI,2371,386,251,245,
l10n_it_base.si_418,Trbovlje,l10n_it_base.si_SI,1420,386,251,245,
l10n_it_base.si_419,Trebelno,l10n_it_base.si_SI,8231,386,251,245,
l10n_it_base.si_420,Trebnje,l10n_it_base.si_SI,8210,386,251,245,
l10n_it_base.si_421,Trnovo pri Gorici,l10n_it_base.si_SI,5252,386,251,245,
l10n_it_base.si_422,Trnovska vas,l10n_it_base.si_SI,2254,386,251,245,
l10n_it_base.si_423,Trojane,l10n_it_base.si_SI,1222,386,251,245,
l10n_it_base.si_424,Trzin,l10n_it_base.si_SI,1236,386,251,245,
l10n_it_base.si_425,Tržič,l10n_it_base.si_SI,4290,386,251,245,
l10n_it_base.si_426,Tržišče,l10n_it_base.si_SI,8295,386,251,245,
l10n_it_base.si_427,Turjak,l10n_it_base.si_SI,1311,386,251,245,
l10n_it_base.si_428,Turnišče,l10n_it_base.si_SI,9224,386,251,245,
l10n_it_base.si_429,Uršna sela,l10n_it_base.si_SI,8323,386,251,245,
l10n_it_base.si_430,Vače,l10n_it_base.si_SI,1252,386,251,245,
l10n_it_base.si_431,Velenje ,l10n_it_base.si_SI,3320,386,251,245,
l10n_it_base.si_432,Velenje - poštni predali,l10n_it_base.si_SI,3322,386,251,245,
l10n_it_base.si_433,Velika Loka,l10n_it_base.si_SI,8212,386,251,245,
l10n_it_base.si_434,Velika Nedelja,l10n_it_base.si_SI,2274,386,251,245,
l10n_it_base.si_435,Velika Polana,l10n_it_base.si_SI,9225,386,251,245,
l10n_it_base.si_436,Velike Lašče,l10n_it_base.si_SI,1315,386,251,245,
l10n_it_base.si_437,Veliki Gaber,l10n_it_base.si_SI,8213,386,251,245,
l10n_it_base.si_438,Veržej,l10n_it_base.si_SI,9241,386,251,245,
l10n_it_base.si_439,Videm - Dobrepolje,l10n_it_base.si_SI,1312,386,251,245,
l10n_it_base.si_440,Videm pri Ptuju,l10n_it_base.si_SI,2284,386,251,245,
l10n_it_base.si_441,Vinica,l10n_it_base.si_SI,8344,386,251,245,
l10n_it_base.si_442,Vipava,l10n_it_base.si_SI,5271,386,251,245,
l10n_it_base.si_443,Visoko,l10n_it_base.si_SI,4212,386,251,245,
l10n_it_base.si_444,Višnja Gora,l10n_it_base.si_SI,1294,386,251,245,
l10n_it_base.si_445,Vitanje,l10n_it_base.si_SI,3205,386,251,245,
l10n_it_base.si_446,Vitomarci,l10n_it_base.si_SI,2255,386,251,245,
l10n_it_base.si_447,Vodice,l10n_it_base.si_SI,1217,386,251,245,
l10n_it_base.si_448,Vojnik,l10n_it_base.si_SI,3212,386,251,245,
l10n_it_base.si_449,Volčja Draga,l10n_it_base.si_SI,5293,386,251,245,
l10n_it_base.si_450,Voličina,l10n_it_base.si_SI,2232,386,251,245,
l10n_it_base.si_451,Vransko,l10n_it_base.si_SI,3305,386,251,245,
l10n_it_base.si_452,Vremski Britof,l10n_it_base.si_SI,6217,386,251,245,
l10n_it_base.si_453,Vrhnika,l10n_it_base.si_SI,1360,386,251,245,
l10n_it_base.si_454,Vuhred,l10n_it_base.si_SI,2365,386,251,245,
l10n_it_base.si_455,Vuzenica,l10n_it_base.si_SI,2367,386,251,245,
l10n_it_base.si_456,Zabukovje ,l10n_it_base.si_SI,8292,386,251,245,
l10n_it_base.si_457,Zagorje ob Savi,l10n_it_base.si_SI,1410,386,251,245,
l10n_it_base.si_458,Zagradec,l10n_it_base.si_SI,1303,386,251,245,
l10n_it_base.si_459,Zavrč,l10n_it_base.si_SI,2283,386,251,245,
l10n_it_base.si_460,Zdole,l10n_it_base.si_SI,8272,386,251,245,
l10n_it_base.si_461,Zgornja Besnica,l10n_it_base.si_SI,4201,386,251,245,
l10n_it_base.si_462,Zgornja Korena,l10n_it_base.si_SI,2242,386,251,245,
l10n_it_base.si_463,Zgornja Kungota,l10n_it_base.si_SI,2201,386,251,245,
l10n_it_base.si_464,Zgornja Ložnica,l10n_it_base.si_SI,2316,386,251,245,
l10n_it_base.si_465,Zgornja Polskava,l10n_it_base.si_SI,2314,386,251,245,
l10n_it_base.si_466,Zgornja Velka,l10n_it_base.si_SI,2213,386,251,245,
l10n_it_base.si_467,Zgornje Gorje,l10n_it_base.si_SI,4247,386,251,245,
l10n_it_base.si_468,Zgornje Jezersko,l10n_it_base.si_SI,4206,386,251,245,
l10n_it_base.si_469,Zgornji Leskovec,l10n_it_base.si_SI,2285,386,251,245,
l10n_it_base.si_470,Zidani Most,l10n_it_base.si_SI,1432,386,251,245,
l10n_it_base.si_471,Zreče,l10n_it_base.si_SI,3214,386,251,245,
l10n_it_base.si_472,Žabnica,l10n_it_base.si_SI,4209,386,251,245,
l10n_it_base.si_473,Žalec,l10n_it_base.si_SI,3310,386,251,245,
l10n_it_base.si_474,Železniki,l10n_it_base.si_SI,4228,386,251,245,
l10n_it_base.si_475,Žetale,l10n_it_base.si_SI,2287,386,251,245,
l10n_it_base.si_476,Žiri,l10n_it_base.si_SI,4226,386,251,245,
l10n_it_base.si_477,Žirovnica,l10n_it_base.si_SI,4274,386,251,245,
l10n_it_base.si_478,Žužemberk,l10n_it_base.si_SI,8360,386,251,245,
